Harry,16303
Ron,6005
Snape,1338
Hermione,1336
Voldemort,1096
Weasley,964
Fred,733
George,681
McGonagall,679
Hagrid,651
Ginny,643
Sirius,506
Malfoy,464
Dobby,353
Dudley,336
Harry Potter,325
Bill,288
Uncle Vernon,284
Kreacher,283
Slughorn,282
Crouch,253
Potter,235
Trelawney,233
Dumbledore,211
Mrs Weasley,184
Krum,182
Cho,181
Filch,172
Percy,168
Bagman,164
James,159
Mr Weasley,144
Gryffindor,142
Dean,140
Goyle,138
Fudge,134
Horcrux,127
Crabbe,122
Mundungus,113
Muggle,111
Karkaroff,111
Wormtail,110
Ravenclaw,109
Flitwick,107
Aunt Petunia,107
Charlie,100
Draco Malfoy,97
Winky,93
Firebolt,93
Mum,92
Fang,92
Black,92
Pettigrew,87
Rita Skeeter,86
Lockhart,84
Tonks,84
Voldemort,82
Draco,81
Arthur,77
Tom,76
Madame Maxime,76
Granger,74
Dementors,73
Greyback,71
Katie,69
Lupin,67
Quidditch,62
Dursleys,61
Dursley,61
Kingsley,60
Riddle,60
Lily,57
Aberforth,55
Frank,55
Stan,54
Bellatrix,53
Diggory,53
Borgin,52
’m,52
Moody,51
Quirrell,51
Uncle Vernon's,50
Colin,50
Daily Prophet,49
Ollivander,49
Xenophilius,48
Griphook,48
Norris,48
Ludo Bagman,47
Aragog,45
Lee,45
Lee Jordan,45
Marge,42
Yeh,42
Tom Riddle,41
Pensieve,40
Hermione Granger,40
Myrtle,39
Dean Thomas,39
Seeker,39
Mrs Figg,39
Peter,39
Viktor Krum,39
Nick,38
Dad,38
Quaffle,38
Angelina,37
Grindelwald,37
Muriel,36
Slytherins,36
Lovegood,36
Minerva,36
Neville,36
Zabini,36
George Weasley,35
Lucius Malfoy,33
Buckbeak,32
Magic,32
Mark,31
Binns,31
Sprout,31
Auror,31
Cloak,31
Prophet,31
Petunia,31
Marietta,30
Longbottom,30
Gringotts,30
Horcruxes,30
Cedric,29
Travers,28
Grimmauld Place,28
Dolohov,28
Cattermole,27
Snitch,27
Yaxley,27
Neville Longbottom,27
Arthur Weasley,27
Ted,27
Ariana,26
Invisibility Cloak,25
Mr Potter,24
Potions,24
Lavender,24
Barty Crouch,23
Norbert,23
Hedwig,23
Zacharias Smith,23
Hall,23
Bludger,23
Roberts,22
Hogsmeade,22
Alicia,22
Rita,21
Hooch,21
Weasleys,21
Albus Dumbledore,21
Cho Chang,21
Lavender Brown,21
Percy Weasley,20
Squib,20
Bathilda,20
Phineas Nigellus,20
Merope,20
Severus Snape,19
Bertha Jorkins,19
Cole,19
Scabbers,19
Dark Magic,19
Cadogan,19
Burkes,19
Remus,19
Ginny Weasley,18
Harry’s,18
Felix Felicis,18
Harry Potter's,18
Gaunt,18
Bathilda Bagshot,17
Dumbledores,17
Errol,17
Vernon Dursley,17
Morfin,17
Gryffindors,17
Dark,17
Michael Corner,16
Bane,16
Seamus Finnigan,16
Aunt Marge,16
Avada Kedavra,16
Colin Creevey,15
Slytherin,15
Ronan,15
Rookwood,15
Molly,15
Ludo,15
Rufus Scrimgeour,15
Kingsley Shacklebolt,15
Oliver,15
Mr Weasley's,15
James Potter,15
Omnioculars,14
Johnson,14
Mundungus Fletcher,14
Ron’s,14
Galleons,14
Firenze,14
Butterbeer,14
Fred Weasley,14
Madam Hooch,14
Doge,14
Horace,14
Mrs Weasley's,14
Bet,14
Hurry,13
Zonko,13
Katie Bell,13
Forest,13
Accio,13
Narcissa,13
Galleon,13
Flamel,13
Nagini,13
Quibbler,13
Ernie Macmillan,13
Hannah Abbott,12
Skeeter,12
Nicolas Flamel,12
Beaters,12
Angelina Johnson,12
Hepzibah,12
Arry,12
Trace,12
Oliver Wood,12
Peter Pettigrew,12
Severus,12
Nah,12
Tofty,12
Stan Shunpike,12
Snatchers,12
Gryffindor Quidditch,11
Wizard Wheezes,11
Cornelius Fudge,11
Cornelius,11
Durmstrang,11
Wizengamot,11
Dirk,11
Boggart,11
Veritaserum,11
Dung,11
Grawp,11
Harrys,11
Rita Skeeter's,11
Professors McGonagall,11
Mudblood,11
Hallows,11
Portkey,11
Argus Filch,11
Alicia Spinnet,11
Dippet,10
Amos Diggory,10
Oooh,10
Willow,10
Jus,10
Hannah,10
Keeper,10
Demelza,10
Muffliato,10
Figg,10
Dolores,10
Ronald Weasley,10
Fawkes,10
Occlumency,9
Mrs Longbottom,9
Ron Weasley,9
Barty,9
Marvolo,9
Padma,9
Little Hangleton,9
Kendra,9
Miss Granger,9
Moony,9
Aunt Petunia's,9
Justin Finch-Fletchley,9
Romilda Vane,9
Ripper,9
Belby,9
Bludgers,9
Terry Boot,9
Hokey,9
Gellert Grindelwald,9
Karkus,8
Ogden,8
Extendable Ears,8
Xenophilius Lovegood,8
Stunning Spell,8
Gran,8
Zacharias,8
Sorting,8
Hestia,8
Knew,8
Mummy,8
Hufflepuffs,8
Gabrielle,8
Marchbanks,8
Gornuk,8
Michael,8
Madam Bones,8
Patrick,8
Mason,8
Ronald,8
Flint,8
Ted Tonks,8
Dedalus Diggle,7
Horntail,7
Cormac McLaggen,7
Perkins,7
Gaunts,7
Bella,7
Parkinson,7
Hallow,7
Aguamenti,7
Mrs Norris,7
Goblins,7
Dear Harry,7
Wha,7
Exceeds Expectations,7
Amycus,7
Mr,7
Stunning Spells,7
Marcus Flint,7
Alohomora,7
Anthony Goldstein,7
Azkaban,7
Roger Davies,7
Dungbombs,7
Vector,7
Evans,6
Ernie,6
Wizard,6
Pig,6
Stupefy,6
Rosmerta,6
Gryffindor Tower,6
Kwikspell,6
Burke,6
Knut,6
Snapes,6
Hippogriff,6
Kiss,6
Celestina,6
Susan Bones,6
Selwyn,6
Sturgis,6
Frank Bryce,6
Ludo Bagman's,6
Dolores Jane Umbridge,6
Kill,6
Weasleyâ€,6
Levski,6
Burrow,6
Howler,6
Finnigan,6
Horace Slughorn,6
Saturn,6
Miss Edgecombe,6
Herbology,6
Nymphadora,6
Dennis Creevey,6
Bode,6
Aaah,6
Sanguini,5
Jordan,5
Crack,5
Wheezy,5
Chang,5
Charlie Weasley,5
Arry Potter,5
Dudley Dursley,5
Sturgis Podmore,5
Remembrall,5
Hollow,5
Smith,5
Albert,5
Wisteria Walk,5
Al,5
Tha,5
Dudders,5
Godric’s Hollow,5
Ravenclaws,5
Don,5
Minerva McGonagall,5
Carrows,5
Resurrection Stone,5
Gwenog Jones,5
Wood,5
Rosier,5
Dirk Cresswell,5
Hestia Jones,5
Leanne,5
H. Potter,5
Firewhisky,5
Shield Charm,5
Lord Voldemort,5
Harry Potters,5
Montague,5
Secret-Keeper,5
Madam Hooch's,5
Mr Filch,5
Barry,5
Harry - ',5
Amos,5
Dimitrov,5
You-Know,5
Pansy Parkinson,5
Seamus,4
Foul,4
Vanishing Spells,4
Magical Maintenance,4
Occlumens,4
Mafalda Hopkirk,4
Georges,4
Archie,4
Bole,4
Travels,4
Wands,4
Madame Maxime's,4
Mrs Black's,4
Piers,4
Volkov,4
Troll,4
Peverell,4
Quality Quidditch Supplies,4
motherâ€,4
Willy Widdershins,4
Fenrir Greyback,4
Cauldron Cakes,4
Gellert,4
Riddles,4
Filthy,4
Head Boy,4
Miranda Goshawk,4
Nicholas de Mimsy-Porpington,4
Susan,4
Peeves,4
Oliver Wood's,4
Bertha,4
Lily Evans,4
Hepzibah Smith,4
Merlin,4
Secrecy Sensor,4
Doxy,4
Cormac,4
Penelope Clearwater,4
Lee Jordan's,4
Knarls,4
Brown,4
Mr Malfoy,4
Celestina Warbeck,4
Dennis,4
Vampires,4
Smeltings,4
Fleur Delacour,4
Spellotape,4
Argus,4
Patronuses,4
Nymphadora Tonks,4
Chocolate Frogs,4
Vernon,4
Sneakoscopes,4
Loony Lovegood,4
Golpalott,4
Nott,4
Elphias Doge,4
Ern,4
Abbott,4
Demelza Robins,4
Viktor,4
Davies,4
Uncle Algie,4
Apparition,4
Liar,4
Elphias,4
Loony,4
Hermes,3
Eileen Prince,3
Aunt Marge's,3
Rons,3
Potters,3
Surrey,3
Alecto,3
Barty Crouch's,3
Kevin,3
Euan Abercrombie,3
Warlock,3
Hassan Mostafa,3
Auntie Muriel,3
Olhivander,3
heâ€™,3
Auror Headquarters,3
Regulus,3
Snivellus,3
Narcissa Malfoy,3
Portkeys,3
Harry half,3
Yorkshire,3
Lucius Malfoy's,3
Tuney,3
Sybill Trelawney,3
Lucius,3
Catherine,3
Maxime,3
T. M. Riddle,3
Kent,3
Fungi,3
Alicia Spinner,3
Diffindo,3
Mullet,3
Aye,3
Amelia Bones,3
Ginnyâ€™,3
Cleansweep,3
Fawcett,3
Jump,3
Marvolo Gaunt,3
Hermione Granger's,3
Gryffindor Seeker,3
Farewell,3
Salazar Slytherin,3
Sneako,3
’s,3
Valentine,3
Tom Riddle's,3
Know-Who,3
Neville Longbottom's,3
Roger,3
Invisibility Cloaks,3
Foe-Glass,3
Alice,3
ex-Auror,3
Moaning Myrtle,3
Headmistress,3
Headquarters,3
Filibuster,3
Rose,3
Beauxbatons,3
Monsieur Delacour,3
NEWT,3
a Stunning Spell,3
Millicent Bulstrode's,3
Bettie Bott's,3
Goblin,3
Albus,3
Disapparate,3
Sirius Black,3
Nevilles,3
Which Broomstick,3
Tis,3
Bertie Bott's,3
Secrecy Sensors,3
Basil,3
Harry James Potter,3
Chaser,3
Doris Crockford,3
Gibbon,3
Malcolm,3
Jack Sloper,3
Shacklebolt,3
Dud,3
Olive Hornby,3
Adam,3
Wormtailâ€,3
Ignotus Peverell,3
Devil,3
Rapier,3
Cheer,3
Bill’s,3
Wilbert Slinkhard,3
Diagon Alley,3
Binky,3
Kendra Dumbledore,3
King,3
Antonin Dolohov,3
Teddy,3
Snuffles,3
Hmm,3
Golgomath,3
Fubster,3
Ron - ',2
Crucio,2
Moran,2
Said Hermione,2
Sirius'll,2
Fudges,2
Disapparated,2
Stunned Krum,2
Little Whinging,2
Coward,2
Veronica Smethley's,2
Honorary Member,2
Ariana Dumbledore,2
Wasp,2
Skrewts,2
Gregory Goyle,2
Herbert Chorley,2
Nox,2
Weasel King,2
Ere,2
"Barty Crouch -""",2
Thomas,2
Choo,2
God,2
Extendable,2
Cissy,2
"Moody,",2
Decoy Detonators,2
Something,2
Andromeda,2
Lo,2
Sooner,2
Stubby Boardman,2
Nevihle,2
Beast,2
Healer,2
Magical Me,2
Hobgoblins,2
Easter,2
Durnbledore,2
Rufus,2
McLaggen,2
Ronnie,2
Sluggy,2
Gobstones,2
Legilimens,2
Aidan Lynch,2
You-Know-Who,2
Monica Wilkins,2
Ron Weasley's,2
Deluminator,2
Dunno,2
Sight,2
Arthur Weasley's,2
Amy Benson,2
S,2
Muggles,2
Ma,2
Macnair,2
Augustus Pye,2
Nifflers,2
Scabior,2
Monsieur,2
Urn,2
Eet,2
Secret Keeper,2
Voldemort'll,2
Harry - I,2
heâ€,2
Dark Mark,2
Slughom,2
James’s,2
Professors Flitwick,2
Runes,2
Dennis Bishop,2
Dora,2
Carrow,2
Twycross,2
Madam Malkin,2
Fitch,2
Tornados,2
Wendelin the Weird,2
Madam Marsh,2
Sibyll Trelawney,2
Kingsley Shacklebolt's,2
Millicent Bulstrode,2
Rubeus Hagrid,2
Lily Potter,2
Rowena Ravenclaw,2
George's,2
Mrs,2
Petrified,2
Healer Smethwyck,2
Spinnet,2
Millicent,2
Gideon Prewett,2
Vulchanov,2
Practical Defensive Magic,2
Malfoys,2
Stinksap,2
Fifty,2
Ravenclaw Tower,2
Ernie Prang,2
Lockharts,2
Kettleburn,2
Dilys,2
Witches,2
Keen,2
Baron,2
Pigwidgeon,2
Vincent Crabbe,2
Porlocks,2
Honeydukes,2
Grawpy,2
Diggle,2
George Apparated,2
Moodys,2
Will,2
Snorkack,2
Phineas,2
Firs,2
Snatcher,2
Keys,2
Gordon,2
Joke,2
Bartemius Crouch,2
Jimmy Peakes,2
Pipes,2
Mommy,2
Mostafa,2
"Granger -""",2
Arnold Weasley,2
Scrim-geour,2
Howlers,2
Penny,2
Puddlemere United,2
Axminster,2
Finest,2
Ran,2
Ridgeback,2
Pierre Bonaccord,2
Nose,2
Mafalda,2
Gettin,2
Dobby’s,2
Salvio Hexia,2
Tarantallegra,2
Rita Skeeters,2
Fizzing Whizzbee,2
Alecto Carrow,2
Catastrophes,2
Flich,2
Ready,2
Clio,2
Riddle-Hermione,2
Decree,2
Padma Patil,2
Lynch,2
Age Line,2
Stewart Ackerley,2
Marauder,2
Ced,2
Moon,2
Gladys Gudgeon,2
Percys,2
Mary,2
Dumbly,2
Tiberius Ogden,2
Everything Harry,2
Spirit Divisions,2
Cattermoles,2
Fenrit Greyback,2
Crookshanks,2
Boris the Bewildered,2
Bletchley,2
Bob Ogden,2
Mistletoe,2
Golden Snitch,2
Arnold the Pygmy Puff,2
Felix,2
Astronomy,2
Wet,2
Dipper,2
Metamorphmagus,2
Emmeline Vance,2
Grindelwald’s,2
Merrythought,2
Mr Thomas,2
Kirke,2
Adalbert Waffling,2
Muriel’s,2
Jinxed,2
Romilda,2
Gernumbli,2
Trevor,2
Marietta Edgecombe,2
Defence Against,2
Voldemorts,2
Disapparating,2
Behind Harry,2
Witherwings,2
Skower,2
Gather,2
Stone,2
Mrs Black,2
Said Ron,2
Bang,2
Stunners,2
Sloper,2
R. J. Lupin,2
Death Eater,2
Cornelius Oswald Fudge,2
Igor Karkaroff,2
L.E.,2
Bound,2
Terry,2
Balderdash,2
Mr Weasley',2
Trust Malfoy,2
Stubby,2
Handy,2
Cannons,2
Quidditch Through the Ages,2
Secret Heartache,2
Harry -,2
Sickles,2
Gryffindor Keeper,2
Canary Creams,2
Weapon,2
Sev,2
Dear Ron,2
Lancelot,2
Derrick,2
Vaisey,2
Nicolas,2
Improper Use,2
Switching Spells,2
Apparition Test,2
Xeno,2
Karkuss,2
Tobias Snape,2
Benjy Fenwick,2
Confederation,2
Rupert,1
Bludgu,1
Arkie Alderton,1
Zeller,1
Accio Firebolt,1
Cauldron,1
Captain,1
Xeno Lovegood,1
Mrs Finnigan,1
Unconvinced,1
II,1
Harry - I'd,1
Wilbert Slinkhard's,1
B-Bill,1
James Potter',1
Red Caps,1
Binn,1
Huh,1
Apollyon Pringle - he,1
Granddad Weasley,1
Pat,1
Accio Locket,1
Phineas Nigellu,1
Mrs Potters,1
Harry - is,1
Gobbledegook,1
Mandragora,1
Martha,1
Fred - Bill,1
Harry - Ron,1
Dragomir Despard,1
Miles Bletchley,1
Fred Weasley's,1
Arthur Weasleys,1
MURDERIN,1
Warrington,1
Harry Hailed,1
Levi-o-sa,1
Hark,1
Keeper of,1
W Fred,1
Set Gryffindors,1
Hocus,1
Harry He,1
Wizarding Level,1
Great Grays,1
Nargles,1
Absolute,1
Kappas,1
Levi -,1
Cruel,1
Grunnings,1
Tri,1
Mars,1
Fletchley,1
J. K. Rowling,1
Ooooo,1
Pomona,1
Kneazles,1
Jimmy,1
Bleaaargh,1
Gred and Forge,1
George half,1
Merry Hippogriffs,1
Hannah Abbot,1
Stanley Shunpike,1
Nifiler,1
Hullo,1
Fred Weasley - Hogwarts,1
Harry Krum,1
Harry half-exasperated,1
Honey Dukes,1
Harry - cone,1
Argyllshire,1
Ron half,1
Ginny - ',1
Jack Russell,1
Ali Bashir,1
Aunt Elladora,1
Draco Malf,1
Igor Karkaroff's,1
Germino,1
Fleurs,1
Hogsmeade Station,1
Keeper Bletchley,1
Patrick Delaney-Podmore,1
Loxias,1
Fred to Harry,1
Niffler,1
Fleur,1
Fergus,1
Fizzing Whizzbees,1
Harold Dingle's,1
Fred - real,1
Billy Stubbs's,1
Gryffindor House,1
Harry Stunned,1
Phyllida Spore,1
Beaters Fred,1
Kep,1
Dodgy Doge,1
Minerva McGonagall's,1
Eric Whalley's,1
Gryffindor Keeper Wood,1
Gingerly Harry,1
Cassandra Trelawney,1
Quentin Trimble,1
Meterolojinx Recanto,1
Doxys,1
Day,1
Abut,1
Eloise Midgen,1
Friend,1
Jokes,1
Kingsley Disapparated,1
Alice Longbottom,1
Godfather,1
Sudden,1
Phineas Niggellus,1
Stewart,1
Umbndge,1
Yule Ball,1
Harry-Krum-Hermione,1
Walk,1
Engorgement Charm - at,1
Scar,1
Charmes,1
Deprimo,1
Had Harry,1
Hogwartss,1
Thicknesse,1
Knuts,1
Eric Munch,1
Harmione,1
Ralph -',1
Shrivelfig,1
Quafe,1
Joke Shop,1
Feelin,1
Snape’s,1
Dan,1
Rabastan,1
Ron the Deluminator,1
Largest,1
Ropes,1
Curse-Breakers,1
Elfric,1
Mine,1
Neville Longbottom - he's,1
Spell Damage,1
Tom - Tom Riddle,1
T. M. Riddle's,1
Shrewd Slytherin,1
Jinx,1
Quigley,1
Wit,1
Switching Spell,1
Sibyll,1
Neville with Dean,1
Fred - no,1
Hunt,1
Great Hangleton,1
Apparating,1
Dexter Fortescue,1
Disillusion,1
Betty,1
Wales,1
Paragraph C of the Decree,1
Ginny’s,1
Marcus,1
Confundus Charm,1
Hermi,1
Fred Weasleys,1
Lucus Malfoy's,1
Wilkes,1
Tolty,1
Augustus Rookwood,1
Kreachers,1
Classy,1
Cruci,1
Dumbledore'd,1
Mr Fudge,1
Watching Harry,1
Lasso,1
Said Percy,1
Great Auntie Enid,1
Belch Powder,1
Cuthbert Mockridge,1
Ronald Bilius Weasley,1
Madam,1
Alice LongbotWm,1
Magical Drafts,1
Cormac McLaggen',1
Stun Amycus,1
Quirtell,1
Melinda Bobbin,1
Dilys Derwent,1
Mrs Morris,1
Humongous Bighead,1
Mrs Montague,1
Which Glosses Over,1
Draco Malfoy's,1
Madame Delacour,1
Burks,1
Eddie Carmichael,1
Humphrey Belcher,1
the Bat-Bogey Hex,1
"Babbitty Rabbitty -""",1
Ravens,1
Hufflepuffis,1
Blew,1
Lawn Competition,1
Register,1
Mrs Weasleys,1
Liquid,1
Phineas Nigellus’s,1
Yeti,1
Sorry,1
Bonfire Night,1
Won,1
Impervius,1
Protego Totalum,1
Common Apparition Mistakes,1
Griselda Marchbanks - we,1
Revealer,1
Fenrir,1
Poliakoff,1
Harry’s -,1
Beneath,1
Bertie,1
Burbage,1
Horcruxr,1
Walden Macnai,1
"George -""",1
Quidditch Through,1
Britons,1
Dobby - this,1
Animagi,1
a Chudley Cannon,1
Malfoy Crabbe,1
Herd,1
Formed,1
Liechtenstein,1
Healing Spells,1
Dobby ten Galleons,1
Attendance,1
Wizardwear - London,1
The Avada Kedavra,1
The Quibbler,1
Sorting Emma Dobbs,1
Theodore Nott,1
Death,1
Snackbox,1
You-Know-,1
Freezing Charm,1
Romilda Va,1
Nooo,1
Ministry'll,1
Sybill Trelawney's,1
Gawd,1
Grimmauld,1
Healers,1
Branstone,1
Summers,1
Edgecombe,1
Vernon Dudley,1
Sword,1
Buckbeak the Hippogriff,1
Bob,1
long -,1
Harry - don',1
Kim,1
Fabian Prewett's,1
Slinkhard,1
Didn,1
Berry Braithwaite,1
Narrow,1
Mark Harry,1
Alberic Grunnion,1
Whooping,1
Afflictions,1
Snapes Worst Memory,1
Dear Tom,1
Misters Fred,1
Katie Bell - er,1
Angslina,1
Bertram Aubrey,1
Augusta,1
Auror Dumbledore,1
Harry - Fred,1
Babbitty Rabbitty,1
Euan,1
Magine,1
Bold Gryffindor,1
Warlock D. J.,1
Higgs,1
Gregory Goyle's,1
Captain Flint,1
Release Longbottom,1
Bill sup,1
Defence Against the Dark Arts,1
Opposite Harry,1
Password,1
Tall,1
Whomping Willow,1
Harry n Harry,1
Fred - but,1
Baby Arianaâ€,1
Grimmauld Place',1
Plan A. Pius Thicknesse,1
Fred as Harry,1
Ragnuk,1
Dobby breathlessly,1
Capture Potter,1
Bob Ogden's,1
Goyles,1
Amelia Bones's,1
Gernumblies,1
Ambrosius Flume,1
Charm Harry,1
Head Hockey,1
Geoffrey Hooper,1
Murcus,1
Berthas,1
Expelliarmus,1
GENTLEMEN,1
Gryfinndor Quidditch,1
Dedalus Diggle’s,1
Bonder,1
Sally-Anne,1
Justin FinchFletchley,1
Episkey,1
The Whomping Willow,1
Cleansweep Eleven,1
Drafty,1
Mr - ?,1
Florean,1
Cieorge,1
Ban,1
Durmstrang'll,1
Disciplinary Hearing,1
Arabella Figg,1
Hannah Abbotts,1
Side Along-Apparition,1
Whose,1
Ludo Bagman - ten,1
Ciceron Harkisss,1
Tournament,1
Foam,1
Bertie Higgs,1
Chuck,1
Ghouls,1
Harry--,1
Aaaaah,1
Mr Bode's,1
Cap,1
Stag,1
Auror - I,1
Albus Dumbledore - nor,1
Healer Miriam Strout,1
YOU'RE DOIN,1
Snowy,1
Mrs Petunia Dursley,1
Stupefied Flitwick,1
Cassandra Vablatsky,1
Alice Longbottom - ',1
Halfway,1
You-,1
Goblin Liaison,1
Reluctantly Harry,1
"Rupert ""Axebanger"" Brookstanton",1
H.,1
’s Lee,1
Harry turned - Ron,1
Knockturn Alley,1
John Lupin,1
Dean Thomas's,1
DISTURBED,1
Owl Treat,1
Boggart Snape,1
First Harry,1
Keep,1
Rods,1
Friar,1
Wealsey,1
Ice Mice,1
Barry Ryan,1
Bardy Weasley,1
Dusty,1
Buck,1
Muffiato,1
Homorphus Charm - he,1
Bill Weasley,1
Vicky Frobisher,1
Yeh - yeh'll,1
Mrs Weasley's Boggart,1
Happy Birthday Harry,1
Honest,1
Connolly,1
Bungy,1
Hedwig'll,1
Wherever Harry,1
Bradley,1
CRACKPOT,1
Exams,1
Disapparaie,1
Hand,1
Dumblefore,1
Marlene McKinnon,1
Tea Shop,1
Potter Apparates,1
Albus Percival,1
"Cleansweep Fives - """,1
Subtlety,1
Whoops,1
Gryffindor Beaters,1
Exclusive Interview,1
Harry Potterâ€™,1
Wardrobes,1
Mabel,1
Mrs Purkiss,1
Snape - and Snape,1
Had Ron,1
Ordinary Wizarding Level Results,1
Agrippa,1
You-Know-'Oo's,1
Fizzing Whizbees,1
Protego,1
Peter Pettigrew's,1
Thais,1
Kenneth Towler,1
Head Polo,1
Cedric Diggory,1
Wellingtoned,1
Mulciber’s,1
Looooony,1
Ron - Ron,1
Next Door,1
Nimbus,1
Slytherin Beater,1
Weasley - elbow,1
Ler,1
McGonagalls,1
McGonagalh,1
Deience Against,1
Conqueror,1
Stoatshead Hill,1
Amos Diggorys,1
Ickle Dudleykins,1
Chudley Cannon,1
Grander,1
Erised,1
Min,1
Martin Miggs,1
Miss Lovegood,1
Add Norbert,1
Horribillis,1
Skele-Gro,1
Ted Tonks - Dora's,1
Cmon,1
Terry Boot's,1
Hair Loss,1
Chapter Thirty-One,1
Mungo,1
Invisibility Spell,1
Gilbert Wimple,1
Percy Weasley's,1
Gryffindor Quidditch Captain,1
James Potter’s,1
Doge -?,1
Ryan,1
Wormtaill Padfoot,1
Rodolphus,1
Fores,1
Willy Widdershins's,1
Plum Thicknesse,1
Horseback Head-Juggling,1
Hogwart,1
Fools,1
Popkin,1
Professcr McGonagall,1
Bet Percy,1
Harry Ooclumency,1
Bat-Bogey Hexes,1
Bowtruckles,1
Hereward,1
Givin,1
Abraxas Malfoy,1
Shock Spells,1
Dedalus Diggle's,1
Mundungus Hotelier,1
Confunded,1
Eton,1
Anthony,1
Marry,1
George challenged Harry,1
Surveying Dobby,1
Mary Dorkins,1
Twice Harry,1
Bloodthirsty,1
Knowing Hermione,1
Agatha Timms,1
Weekend,1
Centaur,1
Hogwarts,1
Lavender Brown's,1
Lucius Malfoy - so,1
Hermione G - Granger,1
Fabian,1
Batty,1
Flobberworm,1
Godelot,1
Urquhart,1
Herrmone,1
the Hire of Slytherin,1
Bighead Boy,1
Griselda Marchbanks,1
Behind,1
Trelawneys,1
Marsh,1
Beater,1
Gain Gringotts,1
Lemme,1
Sprouts,1
Welsh Green,1
Darkest,1
Professer Trelawney,1
Lion,1
Nymphadora - ',1
Inigo Imago,1
Catching Harry's,1
Jim,1
Bluebottle,1
Neville Longbottom - Luna Lovegood,1
Umbridge,1
Alastor,1
Madam Malkin's,1
Light,1
Leaving Harry,1
Scarhead,1
- Dean Thomas,1
Aquamenti,1
Mr Slinkhard's,1
Leaving Sloper,1
bin - eh,1
Ron - Harry - come,1
Midnight,1
Veen,1
Snape - ',1
Memory Charm,1
Locomotor Mortis,1
Amortentia,1
Eric,1
Petrify Filch,1
Peter - you,1
Ravenclaw Quidditch,1
Leg-Locker,1
Parseltongue,1
Lisa,1
Krum - the,1
Ginger Newt,1
Graham,1
Ogg,1
Ginger Newts,1
Ridgebacks,1
Find Them,1
Aubreys,1
Wheezy-Wheezy,1
Weasley-ish,1
Mundungus Fletcher's,1
Broken Balls,1
Flutterby Bush,1
Pennyfeather,1
Ginevra,1
Sweetheart,1
Library,1
Charlie Weasly,1
Sticking Charm,1
Mrs Polkiss,1
Probe,1
Engorgement Charm,1
Bane'll,1
Hetty Bayliss,1
Krum - now,1
Blimey,1
Quicker,1
Killed,1
Jour,1
Durmstrangs,1
Dumberton,1
Atta,1
Mun-dungus,1
Magical Theory,1
Bobby,1
Feeling Mrs Weasley's,1
Inspired,1
Bah,1
Mark Evans,1
Santa Claus,1
Quaffles,1
Ron’s Auntie Muriel,1
Ellie,1
Barnabas Cuffe,1
Bouncing Bulbs,1
Jelly Slugs,1
Mischief,1
Merry Christmas,1
Aragogs,1
Somerset,1
Gravy,1
Gift,1
Grinning,1
Harry - Bagman,1
Fat Lady,1
Neville--,1
Ali,1
Behind Snape,1
The Quidditch season's,1
Potter - Weasley,1
Brass,1
’m Fred,1
Fredâ€™,1
Fawcetts,1
Jammed,1
Ham,1
Stab,1
Aguamenti Charm,1
Siriuss,1
Heliopaths,1
Skiving Snackboxes,1
the Whomping Willow,1
Gold Medal-Winner,1
Said Slytherin,1
Harold Dingle,1
Dijjindo,1
McLag,1
Rufus Scrim,1
Fridwulfa,1
Uncle Vernoii,1
Professors Dumbledore,1
Slytherin Quidditch,1
Sort,1
Bertha Jorkin's,1
Healer Strout,1
Professot McGonagall,1
Protean Charm,1
Dai Llewellyn Ward,1
turned -,1
Robes,1
Year,1
Chapter Thirty-Six,1
Rodolphuss,1
Charity Burbage,1
Outside Snape's,1
Stunning,1
Maintenance,1
Logograms,1
Prefect Ron,1
Snape - Harry's,1
Seconds later,1
Roonil Wazlib',1
Scimgeour,1
Flitwick of Dumbledore,1
Perkin,1
Chocolate Frog,1
Bellatrix Black,1
Stunning Spells: Red,1
Auntie Marge's,1
Ginny Weasley's,1
Stebbins,1
Granger - you,1
Laura,1
Wulfric Brian Dumbledore',1
Firebold,1
Wish McGonagall,1
McGon,1
Ariana Dumbledore’s,1
Uncle Alphard,1
Harry Pushed,1
Marjorie Dursley,1
William Arthur,1
Potter - ',1
Muggle-baiting,1
Harry - this,1
pro-Muggle,1
Demelzas,1
Patricia Stimpson,1
Alicia Spinnet's,1
Ronnie - ',1
Malfoy - Bat Bogey Hex,1
Silver Arrows,1
Mr Finnigan,1
Ted and Dean,1
Mug,1
Mr Crouch,1
Lines,1
Ravenclaw Seeker,1
Jelly-Legs Jinx,1
Extinguishing Spells,1
Miss Edgecombe's,1
Buckbeak - Harry,1
Marcus Belby,1
Seconds later Harry,1
"Snape -""",1
Lily Potterâ€,1
Sleep,1
Ron the Firebolt,1
Sorcerer,1
Gryffindor Beater,1
Vol--,1
Shunpike,1
Alastor Moody,1
Legilimency,1
Quidditch Keeper's,1
Young Percy,1
Croaker,1
Mr Prentice,1
Great Scott - look,1
Victoire,1
’s Harry,1
Ron - Harry,1
Crackpot,1
All- Knowing,1
Colin Creevey's,1
Harry Potter’s,1
Karkaroff - Madame,1
now - Maxime,1
Neville a Scouring Charm,1
Twitchy Ears,1
Justin Finch - ',1
Licorice Wands,1
Leave Nott,1
Venus,1
Albus Dumbledore - ',1
Interferin,1
Mighta bin,1
Ma-rauder's,1
Gave Petunia,1
Sunshine,1
Achievements,1
Disarm Stan,1
Malcolm Baddock,1
Snare,1
Then,1
Modblood,1
Little Hangleron,1
Tell Ron,1
Mrs Blacks,1
Moody slowly,1
Flagrante Curses,1
Herinione,1
Bloody Baron,1
Hermione Granger - always,1
Bowman Wright,1
Meester Bagman,1
S. Snape,1
a _,1
Bagshot,1
the Ravenclaw Beaters,1
Owl Treats,1
the Hogwarts Horcrux,1
Bat-Bogey Hex,1
Chapter Thirty-Two,1
Barry Crouch's,1
St Brutus's,1
Edgar Bones,1
Dung-head,1
Arnold Peasegood,1
Expecto Pat,1
Mr Tibbles,1
Fangs,1
Beneath Bellatrix's,1
Dementors - or,1
Gran’s,1
Nicholas de Mimsy,1
Nicholas,1
Dead Percy,1
Robertses,1
Dat,1
Slytherin Seeker,1
Drought Charm,1
Enid Smeek,1
Chf,1
Weasley ha-ir,1
Grindelwald’s -?,1
Ludovic Bagman,1
Hang,1
Bewitchments,1
Ernie McMillan,1
Gillywater,1
Harry hung,1
Wizarding,1
Voldy,1
the Mad Muggle,1
Dragomir,1
Ronald Weasley's,1
Her Daughter Ariana,1
Chapter Thirty-Five,1
Fred’s,1
George'd,1
Cherry,1
Ron qui-etly,1
Probes,1
Fizzing Whizbee,1
Rowens Ravenclaw,1
"Krum -""",1
Bristol,1
Dijon,1
"Hermione Granger -""",1
Ahoy,1
Maifoy,1
Sneakoscope,1
FURTHER MISTAKES AT,1
Gimme,1
Lairy,1
Love,1
Broken,1
Leprechauns,1
Topsham,1
Queen Slug,1
Homework,1
Herbert Chorley's,1
Harry Potter ',1
Pulling Aunt Petunia,1
Michael Cornet,1
Perenelle,1
Diddykins,1
S. P.,1
Slughorns,1
Mad-Eyeâ€,1
Galatea Merrythought,1
The Headquarters of the Order of the Phoenix,1
Emeric the Evil,1
Egg,1
Ivor Dillonsby,1
Garry,1
Fail Grades,1
Chapter Thirty-Four,1
Ravenclaw Chaser,1
Harry-James Potter,1
Blew Pettigrew,1
Daphne Greengrass,1
M. McGonagall,1
Bardy,1
Fred asked Harry,1
Loved,1
Chaser Angelina Johnson,1
Dedalus,1
Oddsbodikins,1
Baubles,1
Morfin Gaunt,1
Cleansweep Fives,1
Hippocrates Smethwyck,1
Cassandra,1
Sectum,1
Jim McGuffin,1
Professors Snape,1
Mosag,1
Bibble,1
Otto,1
Snackboxes,1
Nosebleed Norgat,1
Albus Dumbledore's,1
Ferrari,1
Dobby - Dobby,1
Gramatica,1
Figgy,1
Disarm,1
"Ron - """,1
Murie,1
Mary Macdonald,1
Seething,1
Poor Neville,1
Diggorys,1
Gwenog,1
Hem,1
Remember Aragog,1
Cedrics,1
Bin feelin',1
Broderick,1
Harry - Mum,1
Dagworth-Granger,1
Dizzy,1
Sturgis Podmore's,1
Harry Hunting,1
Support Harry Potter,1
Kwidditch,1
Mollywobbles,1
Poppy,1
Moody over,1
DOLORES UMBRIDGE,1
Aaaaaah,1
"Hag -"" Hermione",1
Metamorphosing,1
Killed Cedric,1
Harry Potterâ€,1
Harry - oh,1
Fer Dumbledore,1
"Hedwig"" - Harry",1
Auntie Muriel's,1
Somehow Harry,1
Repello Muggletum,1
Mr Filch's,1
the Mirror of Erised,1
Accio Horcrux,1
Put-Outer,1
Numbly Harry,1
Dark Marks,1
Accordingly Harry,1
Shower,1
REAL,1
Grant,1
Weaseys,1
Down,1
’m George,1
Sinistra,1
Yesss,1
Horace Slughorn's,1
Accio Cloak,1
"Harry -""",1
Vicky,1
Johnson - ',1
Bread,1
Stunned Minerva McGonagall,1
Ginnyand Dean,1
Contact Fred,1
Oblansk - Obalonsk - Mr. -,1
Kreacher’s,1
Harry'll,1
Ladislaw Zamojski,1
Gurdyroot,1
bin Lily,1
Stanley Shunpike - Stan -,1
Behind Mad-eye’s,1
Hippogriffs,1
The Silver Doe,1
Merit,1
Confunded Muggles,1
Snag,1
Bilius,1
Doge and Harry,1
"Slughorn""-- Slughorn",1
Impediment Jinx,1
Teach,1
Crikey,1
Captains,1
Harry I’ve-Faced-Worse Potter,1
Comet Two Sixty,1
Conjuring Spells,1
Wilkie Twycross,1
Er - Harry,1
Dumbledore Snape,1
Aaaaaaand - Krum,1
Plimpies,1
Prongs,1
Bowtruckle,1
Philological Stone - ',1
Whitby,1
Olde,1
Evan Rosier,1
Mary Elizabeth Cattermole,1
Creevey,1
Harry -',1
"Ron -""",1
Wizard Baruffio,1
R.A.B.,1
Mundungus Fletcher - the old,1
Yen,1
Scorpius,1
Mooney,1
Ginny half,1
George - clean,1
Death Eater's,1
Kade Bell,1
Slave,1
"Sorting Hat -""",1
another Stunning Spell,1
Wulfric Brian Dumbledore,1
Angus Fleet,1
Michael or Dean,1
Chaser Vaisey,1
Signs,1
Aggiden,1
’m Secret-Keeper,1
Defensive,1
Sonny Jim,1
Mokeskin,1
Trelawney - ',1
Screaming Yo-yos,1
Whoa,1
Warty Harris,1
James -,1
Rain,1
Ghoul,1
Frank Longbottom's,1
Node,1
Boa Constrictor,1
Chestnut,1
Molly Weasley's,1
Bin,1
Hoggy Warty,1
Paws,1
Hermoine,1
Moody in,1
Broomstick Servicing Kit,1
Andrew Kirke,1
Billy Stubbs,1
Cadrigan,1
Doris Purkiss,1
Trainee Healer,1
Stun,1
Whaddid,1
Spell Snape,1
Dead Harry,1
Summon the Horcrux,1
Zacharias Smith's,1
George-ish,1
JAMES,1
anti-Muggle,1
Nicolas Flamel',1
Disarmed,1
Brack,1
Apparently Ron,1
Roun,1
Adams,1
Jean Granger,1
Enchantée,1
Slughorh,1
Egbert the Egregious,1
a Ginger Newt,1
Das,1
Ali Bashir's,1
Dark Lord,1
Either Crouch,1
Marquee,1
Muggle Artefacts,1
Diagon Alley - Weasley',1
Yourself,1
0111 McLaggen,1
Snogging Victoire,1
Sirius Harry,1
Jealous,1
Ogdens Old Firewhiskey,1
Augusta Longbottom,1
Championship,1
GALLONS OF GALLEONS,1
Krum're,1
Bulgarian Quidditch,1
Sir Cadogan,1
First Krum,1
Lestrangesâ€,1
Ig - Ignotus,1
Delores,1
Hiccup Sweets,1
Spectrespecs,1
Levski - Dimitrov - Moran,1
Mar,1
Snow White,1
Voldemord,1
Rich,1
Ernie Macmillan of Hufflepuff,1
Comin,1
Tufty,1
Dragomir Gorgovitch,1
You-Know-'Oo ',1
the Yule Ball,1
Moody to Harry's,1
Righto,1
Roddy Pontner,1
Riddle-Harry,1
Ha-rry,1
Vexed,1
Remus Lupin,1
Yvonne,1
Poor Errol,1
S. P. E,1
Tom Riddle Senior,1
Orb,1
Harry - thanks,1
Jostled,1
Madam Pomfrey,1
Plumpies,1
Mr Bode,1
Madam Z. Nettles,1
Somehow Oliver Wood,1
Snitches,1
Yeh'll,1
Blaise Zabini,1
Accio Salmon,1
Scrimgeour,1
Harry - Harry Potter,1
Hat,1
Pidwidgeon,1
Asleep,1
un-Hermione-ish,1
Joey Jenkins,1
Millicent Bagnold,1
Occlu,1
Drooble,1
Fully,1
Dumby,1
Leaving Ron,1
Barny,1
Lard Voldemort - the Half-Blood,1
Brandy,1
Shield Charm - a,1
Bertha Jorkins's,1
Accio Glasses,1
Nick eagerly,1
Deathly Hallows',1
Marius,1
Dolores Umbridge,1
Knows,1
Molly Weasley,1
Ferula,1
Piers Polkiss,1
Potty,1
Professors Marchbanks,1
Bulgarian Seeker,1
Snap,1
Silencing Charm,1
Harry - I'm,1
Know,1
George's Cleansweeps,1
Potter -,1
Snow,1
Thanksss,1
X. LOVEGOOD,1
Padfoot,1
Cauldwell,1
Uncle Bilius,1
Vindictus Viridian,1
Parry Otter,1
Dee-John - ',1
Sorting Hat,1
Arkie Philpott,1
McGonagall Harry,1
Karkaroffs,1
Rictusempra,1
Seers,1
Madley,1
Sittin,1
Salazar Slythering,1
Willy,1
Said Gryffindor,1
Snape -',1
Cinderella,1
Slughotn,1
Master,1
Accio Locker,1
Moron,1
Put Yourself,1
Picked,1
"Percy """,1
Siughorn,1
Ron - nor,1
Head Boy at Hogwarts,1
Gringotts - I,1
Arnie,1
Myrtles,1
Accio Butterbeer,1
Face,1
"Peter Weasley -""",1
Banned,1
Williamson,1
Stunned,1
Dobbin,1
Maman,1
Would Malfoy,1
Blinded,1
Quidditch Teams,1
Morris,1
Caractacus Burke,1
Would Harry,1
"Harry Potter -""",1
Rufus Scrimgeour's,1
Chapter Thirty-Three,1
Ohlivander,1
Facedown,1
Harold,1
ofBartemius Crouch,1
Run,1
Noble,1
James’s Invisibility Cloak,1
Harry - DAD,1
Magical Hieroglyphs,1
Fheur,1
Quaffie,1
Buy Ron,1
Twitchy,1
Harry Yes,1
Gryffindor Keeper Weasley,1
Accio Sword,1
Neville - ',1
